Id,Intensity,Longitude,Latitude
0,3909,-73.123071300,7.119189700
1,658,-73.119328286,7.127498966
2,539,-73.128431003,7.123001846
3,500,-73.129832400,7.129238150
4,401,-73.1355788,7.107144200
5,338,-73.119602689,7.110799639
6,334,-73.121964672,7.125215843
7,322,-73.1112656,7.1176216
8,318,-73.1293154,7.1082025
9,299,-73.132348,7.089055700
10,282,-73.115191150,7.107160750
11,276,-73.108446183,7.088178485
12,276,-73.121505500,7.119605100
13,235,-73.122889033,7.113097870
14,229,-73.165458400,7.102301300
15,227,-73.119557,7.1174244
16,211,-73.131773700,7.149236650
17,205,-73.111710036,7.127853304
18,203,-73.1106621,7.0980141
19,197,-73.124999449,7.131210000
20,190,-73.1233495,7.115847800
21,188,-73.138505082,7.164565918
22,180,-73.111099150,7.103745450
23,180,-73.1074926,7.1023581
24,179,-73.118006134,7.118242123
25,178,-73.125273413,7.148962280
26,177,-73.116719050,7.117687700
27,170,-73.117983702,7.085381978
28,166,-73.114291396,7.109200673
29,163,-73.106885,7.1001827
30,150,-73.1026131,7.135110500
31,150,-73.1197885,7.1219943
32,146,-73.125187881,7.114617135
33,144,-73.121734650,7.105120000
34,143,-73.113715511,7.105078200
35,135,-73.1583161,7.125518
36,135,-73.133062504,7.141149465
37,134,-73.121257586,7.112034496
38,129,-73.1321871,7.158556
39,123,-73.140182965,7.149224580
40,118,-73.1297891,7.1337967
41,117,-73.1245165,7.1286743
42,116,-73.1357626,7.155786
43,114,-73.135534312,7.144041503
44,113,-73.121904157,7.113440238
45,110,-73.118108338,7.116633280
46,110,-73.129461100,7.112416991
47,109,-73.1140048,7.1117854
48,108,-73.128957665,7.135769045
49,107,-73.1148662,7.0836639
50,104,-73.1193716,7.1212079
51,104,-73.154426650,7.132401800
52,102,-73.128025100,7.117467050
53,101,-73.1141558,7.0919048
54,101,-73.110483690,7.113145629
55,101,-73.1131569,7.1203119
56,94,-73.126000719,7.102039910
57,94,-73.136020000,7.094163650
58,94,-73.1632004,7.0983179
59,91,-73.133997714,7.146876197
60,90,-73.115265350,7.116738200
61,90,-73.127209769,7.114054094
62,87,-73.131420352,7.136243315
63,87,-73.1267102,7.1264841
64,85,-73.108481994,7.117031854
65,84,-73.1270814,7.1170966
66,82,-73.1100992,7.0897079
67,82,-73.1258743,7.1360521
68,81,-73.1243292,7.1278263
69,81,-73.116920982,7.108544281
70,81,-73.128509100,7.094162100
71,79,-73.112247779,7.109504585
72,79,-73.1366017,7.1450977
73,78,-73.117855600,7.137088600
74,78,-73.110519049,7.099870906
75,77,-73.117823000,7.108177700
76,77,-73.1279692,7.1435352
77,77,-73.120694293,7.110258651
78,76,-73.122214059,7.083956616
79,74,-73.131043819,7.114922052
80,74,-73.1202185,7.1228993
81,73,-73.130942638,7.135004357
82,73,-73.133070970,7.150126867
83,72,-73.126976850,7.119364450
84,71,-73.1275475,7.1263112
85,71,-73.1176383,7.1326614
86,70,-73.113204181,7.130946600
87,70,-73.132125,7.0872723
88,70,-73.120162850,7.102933562
89,70,-73.1206623,7.1243574
90,70,-73.147420095,7.150469170
91,69,-73.121447800,7.112917600
92,69,-73.130086536,7.134967732
93,68,-73.1417732,7.1553678
94,68,-73.107815,7.1005366
95,68,-73.131320900,7.154364200
96,68,-73.114190152,7.108256809
97,67,-73.126384231,7.117876642
98,67,-73.1153972,7.0859487
99,67,-73.112549900,7.129981700
100,65,-73.114425800,7.110289100
101,65,-73.1352695,7.1202682
102,65,-73.102636299,7.096935701
103,65,-73.131004829,7.085390870
104,64,-73.1113661,7.1227231
105,63,-73.127373250,7.122406500
106,63,-73.115549274,7.118994548
107,63,-73.1068555,7.091432
108,63,-73.119975850,7.108257850
109,62,-73.115395650,7.117800400
110,62,-73.109794006,7.109673768
111,62,-73.114443557,7.097551824
112,62,-73.132794811,7.138910489
113,61,-73.127306000,7.120172350
114,61,-73.126142906,7.137215128
115,61,-73.122507450,7.100749250
116,61,-73.148278300,7.083809550
117,61,-73.119824252,7.091308897
118,61,-73.1283695,7.1208442
119,61,-73.121829255,7.116011196
120,61,-73.119879700,7.116365550
121,60,-73.129460711,7.100329223
122,60,-73.1211951,7.1188628
123,60,-73.137348800,7.106944800
124,60,-73.106258238,7.091470696
125,59,-73.120700000,7.117827600
126,59,-73.123476644,7.103740650
127,59,-73.1094535,7.1074206
128,59,-73.1128228,7.1266032
129,58,-73.106125073,7.104085280
130,58,-73.115110297,7.114474442
131,57,-73.110139407,7.104218246
132,57,-73.113573573,7.103576498
133,57,-73.115773603,7.107837062
134,57,-73.113566994,7.102155216
135,56,-73.12483,7.1211401
136,56,-73.1201008,7.1102656
137,56,-73.120318751,7.134638049
138,55,-73.114850889,7.113514330
139,55,-73.110196500,7.111420950
140,54,-73.118298800,7.109544350
141,54,-73.1254096,7.1378094
142,54,-73.116687200,7.105095900
143,54,-73.0992578,7.133096
144,54,-73.1194597,7.1232076
145,53,-73.115185005,7.115664364
146,53,-73.111035100,7.116593650
147,53,-73.116813250,7.122196600
148,53,-73.128941750,7.113381300
149,52,-73.117584250,7.123981900
150,52,-73.142101864,7.101950086
151,52,-73.1348751,7.1075386
152,52,-73.122253499,7.082329502
153,51,-73.131066650,7.116072850
154,51,-73.123297610,7.081846888
155,51,-73.1092759,7.1133613
156,51,-73.1098415,7.1191139
157,51,-73.115868504,7.127442039
158,50,-73.114042,7.0991349
159,50,-73.1296162,7.1369913
160,50,-73.116278737,7.084706406
161,49,-73.115973616,7.119840620
162,49,-73.124239700,7.114849250
163,48,-73.117743456,7.109060977
164,48,-73.147741350,7.083907500
165,48,-73.118239650,7.104412650
166,48,-73.130377450,7.132075400
167,47,-73.113533050,7.085344300
168,47,-73.123032650,7.115312350
169,47,-73.1073551,7.1122045
170,47,-73.1175044,7.1032869
171,47,-73.132363166,7.097982559
172,47,-73.1223834,7.1048191
173,47,-73.120952,7.1206581
174,47,-73.1271728,7.1334009
175,46,-73.1102905,7.0891882
176,46,-73.128428844,7.126203968
177,46,-73.111419750,7.118848800
178,46,-73.1085161,7.1155459
179,45,-73.117105450,7.122996800
180,45,-73.107114101,7.089872216
181,45,-73.126302379,7.123301006
182,45,-73.114529742,7.106522201
183,45,-73.1107441,7.1243223
184,45,-73.112590983,7.125681855
185,44,-73.127056172,7.128202071
186,44,-73.131219500,7.111431850
187,44,-73.109879150,7.131106250
188,44,-73.119579494,7.107077914
189,44,-73.116564052,7.121387789
190,44,-73.111270031,7.086039194
191,43,-73.114840350,7.088198300
192,43,-73.113864716,7.124776760
193,43,-73.1166268,7.1094684
194,43,-73.111975800,7.121853750
195,43,-73.1245655,7.1156579
196,42,-73.10950825,7.108003000
197,42,-73.1179761,7.1265844
198,42,-73.124029300,7.118788650
199,42,-73.1302478,7.1446286
200,42,-73.1257369,7.0973129
201,41,-73.119736160,7.097107633
202,41,-73.109421,7.0873044
203,41,-73.116282500,7.120608750
204,41,-73.1287823,7.1195874
205,41,-73.1221633,7.1168435
206,40,-73.124892300,7.118450150
207,40,-73.1257582,7.1207519
208,40,-73.134571069,7.151532763
209,39,-73.126235024,7.114032611
210,39,-73.128865764,7.117270747
211,39,-73.108399294,7.126482183
212,39,-73.130112450,7.092049900
213,39,-73.139181700,7.120662650
214,39,-73.1142643,7.1201806
215,39,-73.1276969,7.1191115
216,39,-73.1285053,7.1187921
217,39,-73.121099118,7.082935966
218,39,-73.1191307,7.0979434
219,38,-73.125282050,7.086813600
220,38,-73.131562500,7.117659350
221,38,-73.121078750,7.113851050
222,38,-73.1297125,7.1148393
223,38,-73.1108758,7.0916817
224,37,-73.11298005,7.127331850
225,37,-73.122444839,7.085379465
226,37,-73.1245491,7.1202467
227,37,-73.127338089,7.098883702
228,37,-73.139802516,7.104742489
229,37,-73.130114412,7.130661418
230,37,-73.135761868,7.113394192
231,36,-73.1268777,7.1273521
232,36,-73.126325539,7.089088774
233,36,-73.116590362,7.087956906
234,36,-73.117948100,7.124722350
235,36,-73.129196650,7.125923200
236,36,-73.124505,7.1177145
237,36,-73.143514450,7.153194850
238,36,-73.12993235,7.113094350
239,36,-73.1091459,7.1009886
240,36,-73.108485448,7.097132015
241,35,-73.1097362,7.1090723
242,35,-73.1235041,7.1073315
243,35,-73.1248043,7.1129187
244,35,-73.1221251,7.1211471
245,35,-73.111623150,7.119924700
246,35,-73.1255113,7.1293322
247,35,-73.135446892,7.108430963
248,35,-73.1307928,7.1020005
249,35,-73.1206324,7.1312006
250,35,-73.1254701,7.1199193
251,34,-73.1159606,7.113596
252,34,-73.111826700,7.121100250
253,34,-73.11074215,7.107835200
254,34,-73.097556378,7.105711611
255,34,-73.125329,7.1175037
256,34,-73.1199502,7.1182257
257,34,-73.1186655,7.1197121
258,33,-73.1174729,7.1318237
259,33,-73.119991235,7.111374618
260,33,-73.126151950,7.117305450
261,33,-73.1159205,7.109657800
262,33,-73.112196800,7.112746800
263,33,-73.100098050,7.116496600
264,33,-73.1107175,7.1189782
265,33,-73.112203200,7.123339750
266,33,-73.1238205,7.1166044
267,33,-73.1099462,7.110274
268,32,-73.115934700,7.105437450
269,32,-73.12961,7.1117904
270,32,-73.1018894,7.1373954
271,32,-73.110652350,7.114393350
272,32,-73.1142022,7.1036278
273,32,-73.120974438,7.106519009
274,32,-73.118003614,7.110298009
275,32,-73.1165644,7.0874901
276,32,-73.1109189,7.1156909
277,32,-73.135585491,7.087869350
278,32,-73.1153982,7.1239207
279,32,-73.114651496,7.112013312
280,32,-73.1186748,7.1181408
281,31,-73.125276100,7.089347900
282,31,-73.116637971,7.110517692
283,31,-73.121131148,7.087276849
284,31,-73.097244323,7.101478983
285,31,-73.1252578,7.1369478
286,31,-73.1227242,7.1226168
287,31,-73.1276734,7.1160477
288,31,-73.13373,7.1315897
289,31,-73.1251082,7.1362221
290,31,-73.126584000,7.135921750
291,31,-73.1314525,7.1121589
292,31,-73.131142504,7.150035761
293,31,-73.1256606,7.1037888
294,31,-73.112292472,7.124014193
295,31,-73.1221665,7.1259707
296,31,-73.124405159,7.146942297
297,30,-73.1259262,7.0996989
298,30,-73.118800751,7.115892142
299,30,-73.106618853,7.098014772
300,30,-73.115051,7.132337
301,30,-73.107140041,7.101098899
302,30,-73.120105211,7.109439867
303,30,-73.116337900,7.10878545
304,30,-73.106144123,7.112823758
305,30,-73.126246187,7.152202627
306,30,-73.1305545,7.1123782
307,30,-73.127392,7.1298667
308,30,-73.119255016,7.095977158
309,29,-73.121933800,7.129173600
310,29,-73.131333050,7.116884850
311,29,-73.120059350,7.078422600
312,29,-73.120482527,7.137494367
313,29,-73.118405366,7.113025436
314,29,-73.1242421,7.1363674
315,29,-73.124898785,7.084916965
316,29,-73.125623400,7.118158350
317,29,-73.1188749,7.1141175
318,29,-73.130230400,7.113893700
319,29,-73.1343695,7.1566098
320,29,-73.1144348,7.1256817
321,28,-73.134175241,7.147987594
322,28,-73.1171393,7.1301343
323,28,-73.127913659,7.113501234
324,28,-73.1318677,7.1157895
325,28,-73.120667400,7.119883350
326,28,-73.122382218,7.115811131
327,28,-73.131732486,7.120768869
328,28,-73.123975450,7.130536050
329,28,-73.1159712,7.116814
330,28,-73.1217987,7.120338
331,28,-73.1344066,7.1306739
332,28,-73.128854500,7.124285250
333,28,-73.1261935,7.1283523
334,28,-73.1234275,7.0769213
335,27,-73.114068650,7.107387750
336,27,-73.1265721,7.1204544
337,27,-73.122510393,7.124765000
338,27,-73.140193035,7.147673681
339,27,-73.121151849,7.125568569
340,27,-73.129673700,7.128411700
341,27,-73.1244013,7.1250535
342,27,-73.121698600,7.115147550
343,27,-73.1212535,7.1214658
344,27,-73.107371577,7.111148447
345,27,-73.1278317,7.0998355
346,27,-73.112823800,7.111469050
347,27,-73.120074138,7.132186135
348,27,-73.1108826,7.1249997
349,27,-73.1133742,7.1156371
350,27,-73.123055991,7.134675983
351,27,-73.118202350,7.080997650
352,27,-73.1081655,7.1135798
353,27,-73.133989163,7.153197011
354,27,-73.129041303,7.125222714
355,27,-73.101039150,7.102717850
356,26,-73.1191357,7.1323585
357,26,-73.1072185,7.1231359
358,26,-73.1229231,7.141777
359,26,-73.1082274,7.1165324
360,26,-73.125756850,7.116299900
361,26,-73.116933726,7.111129958
362,26,-73.112328724,7.115319432
363,26,-73.096964000,7.099335700
364,26,-73.1098282,7.1132599
365,26,-73.1093161,7.1168908
366,26,-73.1252417,7.1222585
367,26,-73.118007598,7.076674290
368,26,-73.127509,7.1152596
369,26,-73.1142357,7.1181388
370,26,-73.1175602,7.1259125
371,26,-73.1229919,7.1232721
372,26,-73.1095134,7.0883821
373,26,-73.1380603,7.0910871
374,26,-73.127694500,7.121159200
375,26,-73.126809511,7.124993507
376,26,-73.130923615,7.102647765
377,25,-73.1166525,7.11689
378,25,-73.1538354,7.1337182
379,25,-73.1163269,7.1256281
380,25,-73.130385993,7.121708086
381,25,-73.1307075,7.1521869
382,25,-73.115409774,7.084557949
383,25,-73.127240000,7.117664750
384,25,-73.109528566,7.105731675
385,25,-73.122972650,7.129871600
386,25,-73.1202023,7.1044748
387,25,-73.1224984,7.1220353
388,25,-73.108640850,7.123197650
389,25,-73.1241544,7.1269837
390,24,-73.133971800,7.152120750
391,24,-73.116808745,7.106462827
392,24,-73.1154518,7.0820344
393,24,-73.124043553,7.088215016
394,24,-73.1100292,7.1357786
395,24,-73.1232665,7.0831394
396,24,-73.112126350,7.116365600
397,24,-73.1145338,7.1152421
398,24,-73.128036946,7.133225997
399,24,-73.115678300,7.108882900
400,24,-73.1159348,7.1248917
401,24,-73.113106450,7.109218400
402,24,-73.119811000,7.124743150
403,24,-73.131634800,7.111209850
404,24,-73.1373208,7.1573737
405,23,-73.132356300,7.110824450
406,23,-73.116716,7.1244347
407,23,-73.117828234,7.137598209
408,23,-73.1158869,7.1321591
409,23,-73.129361265,7.126787770
410,23,-73.117087698,7.084777227
411,23,-73.120427215,7.125841007
412,23,-73.12397,7.1029461
413,23,-73.106713693,7.129271156
414,23,-73.128729530,7.133980574
415,23,-73.105918400,7.109760700
416,22,-73.130699300,7.133708600
417,22,-73.107258,7.094456200
418,22,-73.113486730,7.123286486
419,22,-73.1074131,7.0957891
420,22,-73.1279998,7.1198745
421,22,-73.115018300,7.105988650
422,22,-73.1224672,7.1273187
423,22,-73.133894518,7.150961261
424,22,-73.123529285,7.137112929
425,22,-73.1267436,7.1464219
426,22,-73.1248981,7.1164262
427,22,-73.141315,7.104105
428,22,-73.120604700,7.116449050
429,22,-73.108393,7.1149053
430,22,-73.1316784,7.1400838
431,22,-73.1387727,7.1259258
432,22,-73.1158927,7.1115647
433,22,-73.109295579,7.095064460
434,21,-73.1090738,7.1154371
435,21,-73.112331699,7.113664263
436,21,-73.131691408,7.100047530
437,21,-73.1431532,7.1653117
438,21,-73.1319631,7.137431
439,21,-73.130499104,7.139440100
440,21,-73.1189519,7.1223036
441,21,-73.114040249,7.096790113
442,21,-73.1216204,7.1318843
443,21,-73.134420850,7.109310000
444,21,-73.1153738,7.0880107
445,21,-73.1278985,7.1245619
446,21,-73.138184284,7.106264532
447,21,-73.1171291,7.1251897
448,21,-73.112443600,7.124728100
449,21,-73.1447608,7.0890071
450,21,-73.0958477,7.1066591
451,21,-73.1261483,7.1218505
452,21,-73.122107030,7.081510756
453,20,-73.138117,7.1598166
454,20,-73.1239109,7.1261471
455,20,-73.1252255,7.1247551
456,20,-73.117027663,7.107720056
457,20,-73.107327419,7.113676638
458,20,-73.117897050,7.113769000
459,20,-73.166106200,7.099387200
460,20,-73.122100250,7.118541300
461,20,-73.1073767,7.0935044
462,20,-73.1112753,7.0907245
463,20,-73.121312,7.1262888
464,20,-73.1057582,7.1085705
465,20,-73.1126675,7.0852939
466,20,-73.117419519,7.119223697
467,20,-73.119009447,7.104083726
468,20,-73.1178659,7.1120121
469,20,-73.1185727,7.126278
470,20,-73.119444494,7.129532731
471,20,-73.128750319,7.134750560
472,20,-73.126020750,7.131899650
473,19,-73.121301800,7.134660450
474,19,-73.1395282,7.1625799
475,19,-73.119025900,7.120477950
476,19,-73.124345010,7.092505469
477,19,-73.1169666,7.1292873
478,19,-73.1136078,7.1209222
479,19,-73.1098545,7.1167946
480,19,-73.126737400,7.124155050
481,19,-73.1233083,7.1315585
482,19,-73.12262,7.1325623
483,19,-73.113096250,7.101239200
484,19,-73.1278287,7.13646
485,19,-73.1318207,7.1133861
486,19,-73.124324612,7.132247374
487,19,-73.1176576,7.0862338
488,19,-73.1247056,7.1258126
489,19,-73.133419024,7.142213107
490,19,-73.164346550,7.104156250
491,19,-73.1236458,7.1253533
492,19,-73.116088350,7.080131350
493,19,-73.131246632,7.157316862
494,19,-73.1283517,7.1151365
495,19,-73.107434550,7.115046450
496,19,-73.130535797,7.132894366
497,19,-73.1306898,7.1482693
498,18,-73.1202184,7.1209228
499,18,-73.123127850,7.116697350
500,18,-73.1198105,7.1076394
501,18,-73.1294642,7.1321063
502,18,-73.127086043,7.096861946
503,18,-73.1232058,7.12176
504,18,-73.107145250,7.130814300
505,18,-73.1347379,7.1218788
506,18,-73.118568,7.1215017
507,18,-73.125451500,7.115535250
508,18,-73.104581696,7.100623343
509,18,-73.1145044,7.1332701
510,18,-73.109334371,7.091895509
511,18,-73.1274421,7.1182588
512,18,-73.129871379,7.140444883
513,18,-73.113672000,7.106228900
514,18,-73.1139823,7.1197896
515,18,-73.1151573,7.1099218
516,17,-73.126937599,7.154150279
517,17,-73.1055996,7.1140825
518,17,-73.1151633,7.1252781
519,17,-73.112085700,7.122593500
520,17,-73.1158008,7.1227512
521,17,-73.1238265,7.1296925
522,17,-73.114875791,7.128241128
523,17,-73.1124267,7.118604
524,17,-73.1276765,7.1357109
525,17,-73.135077450,7.119319255
526,17,-73.1288545,7.1330807
527,17,-73.1261071,7.1244178
528,17,-73.1298648,7.1249232
529,17,-73.133850150,7.109750150
530,17,-73.1178167,7.1334982
531,17,-73.1186969,7.1297978
532,17,-73.1082418,7.1205047
533,17,-73.1091495,7.1192203
534,17,-73.118673950,7.109959450
535,17,-73.113563150,7.128415105
536,17,-73.137785600,7.107490550
537,17,-73.1231013,7.1264559
538,17,-73.117343600,7.111507850
539,17,-73.1181341,7.0867133
540,16,-73.118187400,7.120781150
541,16,-73.1100544,7.1202054
542,16,-73.1127872,7.0907351
543,16,-73.1295424,7.1193051
544,16,-73.1236997,7.1179817
545,16,-73.120043090,7.132916674
546,16,-73.1174409,7.0788107
547,16,-73.1262486,7.1196312
548,16,-73.1228602,7.1107415
549,16,-73.1299431,7.1386367
550,16,-73.129205850,7.114147000
551,16,-73.103013357,7.112116722
552,16,-73.1291207,7.1205194
553,16,-73.1018758,7.1324893
554,16,-73.119316900,7.106381850
555,16,-73.1149746,7.1210555
556,16,-73.120928515,7.110921884
557,16,-73.1301061,7.1182159
558,16,-73.1264162,7.1384757
559,16,-73.1306016,7.1196128
560,16,-73.126893816,7.136967162
561,16,-73.108962,7.1148027
562,16,-73.1170541,7.0859815
563,16,-73.126221450,7.100556950
564,15,-73.119194450,7.107699250
565,15,-73.1307867,7.1442802
566,15,-73.117903800,7.136210950
567,15,-73.134909254,7.141911576
568,15,-73.132187863,7.138111298
569,15,-73.141414445,7.102742455
570,15,-73.1292573,7.1185077
571,15,-73.1202115,7.1124338
572,15,-73.1211072,7.1293666
573,15,-73.112465348,7.108465117
574,15,-73.108011667,7.124509191
575,15,-73.1224572,7.1317069
576,15,-73.1086318,7.1193308
577,15,-73.119092700,7.105753950
578,15,-73.122132850,7.134497650
579,15,-73.115516486,7.104292556
580,15,-73.112574450,7.134289350
581,15,-73.1267028,7.1309024
582,15,-73.1129812,7.1000934
583,15,-73.124559188,7.137239043
584,15,-73.1278422,7.1169549
585,15,-73.116270300,7.103993014
586,15,-73.131205050,7.118621250
587,15,-73.132413633,7.101267401
588,15,-73.1208975,7.1226569
589,15,-73.1084565,7.1216938
590,15,-73.112662350,7.114485100
591,15,-73.140897923,7.109275327
592,15,-73.112723911,7.119458399
593,14,-73.1223361,7.1266847
594,14,-73.1429161,7.1028541
595,14,-73.107593900,7.110239950
596,14,-73.1093935,7.0866225
597,14,-73.1265424,7.1146745
598,14,-73.129761744,7.117009915
599,14,-73.1112419,7.1219953
600,14,-73.1238287,7.1340801
601,14,-73.112607820,7.133551549
602,14,-73.124693,7.1294934
603,14,-73.111506,7.1234529
604,14,-73.116998900,7.114215700
605,14,-73.1255561,7.1230161
606,14,-73.122255448,7.098942550
607,14,-73.119461249,7.134956094
608,14,-73.128005200,7.121915600
609,14,-73.1296917,7.1241028
610,14,-73.1133575,7.1183675
611,14,-73.1233291,7.1271554
612,14,-73.110503,7.1228699
613,14,-73.1098536,7.122991
614,14,-73.1090287,7.1215864
615,14,-73.114816872,7.102900071
616,14,-73.1103471,7.1258675
617,14,-73.1090197,7.1183831
618,14,-73.113217631,7.098688850
619,14,-73.124408050,7.144539000
620,14,-73.1239666,7.1214954
621,14,-73.135509678,7.150554880
622,14,-73.1193642,7.0840953
623,14,-73.1327113,7.1199394
624,14,-73.101319150,7.098083300
625,13,-73.130979888,7.098447146
626,13,-73.1118432,7.1255818
627,13,-73.132488000,7.121558000
628,13,-73.1162031,7.129447
629,13,-73.1061736,7.1184858
630,13,-73.110257852,7.096318898
631,13,-73.1137621,7.1260641
632,13,-73.1162534,7.1124293
633,13,-73.122417050,7.117523950
634,13,-73.109398,7.1238162
635,13,-73.1268229,7.1161394
636,13,-73.118267400,7.1255296
637,13,-73.1292987,7.1312455
638,13,-73.1094755,7.1208887
639,13,-73.128734160,7.104135962
640,13,-73.106685,7.1104698
641,13,-73.112241707,7.129118365
642,13,-73.1150161,7.1363888
643,13,-73.126977123,7.097845615
644,13,-73.1047304,7.1096861
645,13,-73.1181764,7.1144378
646,13,-73.118434,7.1281848
647,13,-73.1248828,7.1012635
648,13,-73.116186,7.12348
649,13,-73.123289392,7.124113130
650,13,-73.1104248,7.1275537
651,13,-73.111915300,7.128272800
652,13,-73.1249483,7.1353551
653,13,-73.116185625,7.083079849
654,13,-73.128138574,7.102722251
655,13,-73.1173069,7.1309852
656,13,-73.1072976,7.1219828
657,13,-73.1265292,7.1300369
658,13,-73.1168435,7.0996646
659,13,-73.115331600,7.121963800
660,13,-73.106301513,7.093651743
661,13,-73.1279642,7.1373086
662,13,-73.130278200,7.122961000
663,13,-73.1256028,7.1346028
664,13,-73.1120948,7.1076836
665,12,-73.1351076,7.0959212
666,12,-73.1407315,7.1537074
667,12,-73.1265839,7.1393037
668,12,-73.1245331,7.0829393
669,12,-73.1276102,7.1237906
670,12,-73.1077786,7.1114327
671,12,-73.119413950,7.115275000
672,12,-73.116362750,7.134465750
673,12,-73.1088104,7.1203833
674,12,-73.1275044,7.1205896
675,12,-73.122999591,7.138932985
676,12,-73.1303365,7.1029433
677,12,-73.112190500,7.117365400
678,12,-73.1093743,7.1203106
679,12,-73.124763561,7.123535426
680,12,-73.115598750,7.110905350
681,12,-73.1195955,7.1194118
682,12,-73.141671550,7.153004850
683,12,-73.1236552,7.1288535
684,12,-73.130313017,7.136431885
685,12,-73.1114579,7.1266389
686,12,-73.1133672,7.0921424
687,12,-73.126055,7.1438672
688,12,-73.1107121,7.1267619
689,12,-73.1214286,7.1239999
690,12,-73.128581900,7.097351100
691,12,-73.1104313,7.1167008
692,12,-73.116476902,7.091937343
693,12,-73.1284914,7.1270464
694,12,-73.1053394,7.1174238
695,12,-73.130019632,7.141180731
696,12,-73.135735209,7.154199257
697,12,-73.1101178,7.1244289
698,12,-73.113353976,7.113533562
699,12,-73.1235902,7.0925851
700,12,-73.130510731,7.082289603
701,12,-73.118597,7.1235777
702,12,-73.1293805,7.1158658
703,12,-73.1317664,7.0803302
704,12,-73.1109874,7.1257442
705,12,-73.117522711,7.104277902
706,12,-73.1176444,7.0975853
707,12,-73.1449966,7.0896219
708,12,-73.1293942,7.0991045
709,12,-73.1222472,7.1350009
710,12,-73.1146616,7.1306381
711,12,-73.1252972,7.1329093
712,11,-73.1247637,7.1345638
713,11,-73.111610450,7.093602950
714,11,-73.107744469,7.129308306
715,11,-73.112717838,7.107363569
716,11,-73.106996,7.1372431
717,11,-73.121656018,7.136421636
718,11,-73.1154561,7.1128877
719,11,-73.1120843,7.1122331
720,11,-73.1266844,7.1153702
721,11,-73.1286255,7.1406669
722,11,-73.1093144,7.1270533
723,11,-73.1155711,7.1152051
724,11,-73.109940836,7.125173793
725,11,-73.1191177,7.1129462
726,11,-73.1202118,7.0876393
727,11,-73.1220992,7.1236805
728,11,-73.110988679,7.109497166
729,11,-73.1201709,7.0835676
730,11,-73.1089314,7.1112432
731,11,-73.128872011,7.137572642
732,11,-73.1079063,7.1121209
733,11,-73.095033715,7.098922494
734,11,-73.1106446,7.1236049
735,11,-73.1205303,7.1217234
736,11,-73.1077065,7.115586
737,11,-73.1091374,7.122351
738,11,-73.1146831,7.1243181
739,11,-73.1291903,7.1150104
740,11,-73.1215856,7.1223859
741,11,-73.1226524,7.1102563
742,11,-73.113387,7.1109933
743,11,-73.130354,7.1190281
744,11,-73.115340101,7.134288186
745,11,-73.120801050,7.132908500
746,11,-73.1258687,7.1266422
747,11,-73.1100043,7.123709
748,11,-73.1087078,7.1134609
749,11,-73.124577238,7.102709210
750,11,-73.1281395,7.1143316
751,11,-73.132796022,7.114581204
752,11,-73.116767,7.1263529
753,11,-73.1246792,7.1339236
754,11,-73.120282829,7.136060580
755,11,-73.1174027,7.1351099
756,11,-73.1131887,7.1164587
757,11,-73.1364028,7.0956269
758,10,-73.1318852,7.157948
759,10,-73.133965550,7.088649350
760,10,-73.1337887,7.1212854
761,10,-73.1118555,7.1140615
762,10,-73.133347347,7.125383754
763,10,-73.106812,7.1086452
764,10,-73.137819509,7.095937241
765,10,-73.1238917,7.1345287
766,10,-73.1177772,7.1217834
767,10,-73.1340427,7.122744
768,10,-73.1337157,7.1549265
769,10,-73.104892090,7.097995879
770,10,-73.1277411,7.091332
771,10,-73.111827162,7.103436235
772,10,-73.101594936,7.131721066
773,10,-73.1234818,7.1324092
774,10,-73.1228712,7.1208693
775,10,-73.1155214,7.1304483
776,10,-73.1203529,7.1191363
777,10,-73.1261663,7.1327413
778,10,-73.139159293,7.111838975
779,10,-73.126417550,7.144772300
780,10,-73.130724,7.1128892
781,10,-73.125215537,7.146063299
782,10,-73.1219843,7.1335669
783,10,-73.1092075,7.1098033
784,10,-73.1136248,7.1191085
785,10,-73.111263082,7.094749790
786,10,-73.110818850,7.102219412
787,10,-73.1117628,7.1248477
788,10,-73.1254442,7.1337366
789,10,-73.1318075,7.0975735
790,10,-73.1370666,7.1229338
791,10,-73.1135441,7.0825219
792,10,-73.1202985,7.106792
793,10,-73.136078378,7.118318367
794,10,-73.129467702,7.084308456
795,10,-73.1251963,7.1276799
796,10,-73.129564250,7.121540416
797,10,-73.1324196,7.1252571
798,10,-73.133531424,7.081154155
799,10,-73.122506737,7.087739676
800,10,-73.122570149,7.136645744
801,10,-73.1322933,7.1399623
802,10,-73.1238957,7.0893211
803,10,-73.1056304,7.1314046
804,10,-73.118838800,7.106743000
805,10,-73.099120953,7.130613957
806,10,-73.1179475,7.1299558
807,10,-73.109460250,7.091156150
808,10,-73.1300285,7.1257356
809,10,-73.114766800,7.079922550
810,10,-73.1161187,7.1176209
811,10,-73.1275589,7.1307161
812,10,-73.1218302,7.1230205
813,10,-73.134152550,7.113947900
814,9,-73.1152294,7.1331385
815,9,-73.1329048,7.1317433
816,9,-73.1088855,7.1239005
817,9,-73.105189986,7.133771699
818,9,-73.1248552,7.096998600
819,9,-73.125556,7.0980727
820,9,-73.121560000,7.117656050
821,9,-73.1260173,7.0962877
822,9,-73.1135406,7.0859279
823,9,-73.122388600,7.086580650
824,9,-73.1309812,7.1304917
825,9,-73.112760800,7.102695950
826,9,-73.11071,7.0921427
827,9,-73.122377400,7.109626000
828,9,-73.124604820,7.150034470
829,9,-73.132894015,7.093192541
830,9,-73.1062746,7.1085981
831,9,-73.1281158,7.1381534
832,9,-73.117281,7.1148665
833,9,-73.132877900,7.124308100
834,9,-73.1141036,7.1141737
835,9,-73.1319382,7.1311392
836,9,-73.1273948,7.1254754
837,9,-73.1268548,7.1317307
838,9,-73.1006133,7.1049912
839,9,-73.1396415,7.0942024
840,9,-73.1286967,7.1322585
841,9,-73.1217838,7.1327236
842,9,-73.1257336,7.1394864
843,9,-73.1242879,7.0759544
844,9,-73.109753806,7.101038158
845,9,-73.1102289,7.1213567
846,9,-73.130838900,7.122435700
847,9,-73.133242950,7.120647039
848,9,-73.1191795,7.1414731
849,9,-73.129745050,7.137639450
850,9,-73.1257627,7.1449168
851,9,-73.127024970,7.132557473
852,9,-73.123650595,7.133261154
853,9,-73.1331944,7.1333275
854,9,-73.1118457,7.0947292
855,9,-73.122974400,7.130713400
856,9,-73.117436800,7.121047900
857,9,-73.133314596,7.139568823
858,9,-73.1207867,7.127649900
859,9,-73.114819150,7.119424150
860,9,-73.1295798,7.1043313
861,9,-73.117941484,7.134767044
862,9,-73.1276107,7.1399875
863,9,-73.137753971,7.160481022
864,9,-73.114267,7.1218685
865,9,-73.1219185,7.0789661
866,9,-73.119890600,7.120164650
867,9,-73.1148857,7.0820377
868,9,-73.115969200,7.114737900
869,9,-73.1065833,7.1156459
870,8,-73.1097288,7.1222623
871,8,-73.109715645,7.128634108
872,8,-73.1214849,7.1269159
873,8,-73.1142444,7.1236211
874,8,-73.1341621,7.1234746
875,8,-73.125347,7.1285162
876,8,-73.108643850,7.109863550
877,8,-73.1118392,7.0892082
878,8,-73.133373050,7.138296150
879,8,-73.1196367,7.11577
880,8,-73.1126805,7.1216672
881,8,-73.1342388,7.1298456
882,8,-73.1343446,7.0919637
883,8,-73.1272079,7.1289993
884,8,-73.1278663,7.1324231
885,8,-73.1106443,7.1072677
886,8,-73.1130273,7.1005547
887,8,-73.1342849,7.1196468
888,8,-73.1341553,7.1190226
889,8,-73.1194801,7.1084412
890,8,-73.1306573,7.1247617
891,8,-73.136182132,7.120906410
892,8,-73.1212715,7.0788802
893,8,-73.1116377,7.1241677
894,8,-73.1202749,7.1295289
895,8,-73.1103827,7.1221407
896,8,-73.1122997,7.102895
897,8,-73.124806200,7.105978400
898,8,-73.137808101,7.111602033
899,8,-73.1282847,7.1389673
900,8,-73.112233550,7.126532300
901,8,-73.1023954,7.1317576
902,8,-73.1353685,7.0949917
903,8,-73.1225477,7.120046
904,8,-73.1309169,7.1178915
905,8,-73.111093,7.1212279
906,8,-73.1070177,7.1207995
907,8,-73.118661151,7.136458287
908,8,-73.1192165,7.1184687
909,8,-73.130484300,7.103830550
910,8,-73.133902852,7.096321940
911,8,-73.136199806,7.149844253
912,8,-73.1145877,7.1225039
913,8,-73.1309997,7.113654
914,8,-73.112682400,7.132356300
915,8,-73.1148682,7.0831479
916,8,-73.1181584,7.1225781
917,8,-73.1209567,7.1170647
918,8,-73.114234,7.1016649
919,8,-73.1095237,7.1146996
920,8,-73.1298303,7.1201359
921,8,-73.1181422,7.0862489
922,8,-73.123889222,7.138979220
923,8,-73.12277,7.1183164
924,8,-73.131132650,7.158848500
925,8,-73.1095741,7.1214826
926,8,-73.116257900,7.101646200
927,8,-73.1031885,7.1139969
928,8,-73.125054150,7.100183150
929,8,-73.134110000,7.140753450
930,8,-73.1095593,7.1183178
931,8,-73.1296229,7.132932
932,7,-73.119756450,7.131377600
933,7,-73.1100367,7.1365805
934,7,-73.1307083,7.0999972
935,7,-73.1153265,7.1008208
936,7,-73.1100748,7.1146
937,7,-73.125589700,7.125705600
938,7,-73.111801850,7.110574372
939,7,-73.139679050,7.114617850
940,7,-73.133065850,7.110373300
941,7,-73.1163606,7.1302843
942,7,-73.1144046,7.1324148
943,7,-73.1211531,7.1072639
944,7,-73.1338923,7.1323968
945,7,-73.132709127,7.145050224
946,7,-73.111922,7.1045413
947,7,-73.112137850,7.092187200
948,7,-73.1364889,7.0909497
949,7,-73.1228493,7.1256658
950,7,-73.1062044,7.1170785
951,7,-73.141227073,7.120275043
952,7,-73.1149944,7.1232071
953,7,-73.1260352,7.127513
954,7,-73.110090036,7.085530533
955,7,-73.1014369,7.1048405
956,7,-73.1303327,7.127331
957,7,-73.1311387,7.1312899
958,7,-73.1333746,7.1191991
959,7,-73.136101,7.0961139
960,7,-73.1291127,7.1388034
961,7,-73.1249895,7.1241694
962,7,-73.125183,7.1087777
963,7,-73.1437701,7.1015734
964,7,-73.1244427,7.1226183
965,7,-73.136385752,7.152916324
966,7,-73.117727605,7.092533915
967,7,-73.113093200,7.112786500
968,7,-73.1328342,7.089919150
969,7,-73.1378984,7.105416
970,7,-73.134045750,7.124070750
971,7,-73.131482687,7.153478377
972,7,-73.1226494,7.128158
973,7,-73.141003761,7.161457084
974,7,-73.1159673,7.0790439
975,7,-73.1429192,7.0926408
976,7,-73.1166126,7.1132592
977,7,-73.1380418,7.1210261
978,7,-73.1135425,7.083115700
979,7,-73.114604810,7.134200962
980,7,-73.110573750,7.106716950
981,7,-73.1127647,7.1038295
982,7,-73.1245809,7.1379815
983,7,-73.1198304,7.0924118
984,7,-73.130098657,7.096048542
985,7,-73.1305027,7.1281262
986,7,-73.119457118,7.136464233
987,7,-73.129356196,7.101963207
988,7,-73.1236741,7.122946
989,7,-73.118908907,7.099232567
990,7,-73.1187197,7.1078298
991,7,-73.1154684,7.0806267
992,7,-73.1308211,7.125577
993,7,-73.120307300,7.135367350
994,7,-73.1206581,7.1080596
995,7,-73.130291400,7.104795000
996,7,-73.127740124,7.127188491
997,6,-73.119606200,7.130517800
998,6,-73.1139344,7.1105936
999,6,-73.1326052,7.1130966
1000,6,-73.0991381,7.1025535
1001,6,-73.119974700,7.114725150
1002,6,-73.1161869,7.1183805
1003,6,-73.1101426,7.1270603
1004,6,-73.112274380,7.092693756
1005,6,-73.1096386,7.1085449
1006,6,-73.1025063,7.1046449
1007,6,-73.136888050,7.122054750
1008,6,-73.123961484,7.099633108
1009,6,-73.114103,7.1165978
1010,6,-73.101698500,7.101202000
1011,6,-73.094760960,7.106827048
1012,6,-73.1205031,7.1266203
1013,6,-73.1099176,7.1342292
1014,6,-73.124556850,7.099448000
1015,6,-73.124707,7.1452701
1016,6,-73.1154579,7.1402098
1017,6,-73.130216750,7.116464600
1018,6,-73.106710650,7.122125400
1019,6,-73.1204407,7.1303624
1020,6,-73.1135475,7.0797053
1021,6,-73.1166778,7.0911218
1022,6,-73.1328845,7.1234659
1023,6,-73.1098956,7.0901654
1024,6,-73.1315174,7.0830741
1025,6,-73.1322529,7.1244363
1026,6,-73.1114406,7.0902497
1027,6,-73.122293000,7.119432750
1028,6,-73.134417381,7.138641323
1029,6,-73.130306377,7.099195524
1030,6,-73.1184085,7.1325029
1031,6,-73.1170909,7.1202868
1032,6,-73.1213121,7.1302014
1033,6,-73.1019733,7.0957735
1034,6,-73.126275550,7.083317050
1035,6,-73.1274413,7.1391365
1036,6,-73.111054600,7.095647900
1037,6,-73.133978045,7.155304721
1038,6,-73.126403250,7.094439150
1039,6,-73.1345859,7.1211489
1040,6,-73.1332389,7.1090118
1041,6,-73.1317765,7.130334
1042,6,-73.104009628,7.095253996
1043,6,-73.1025928,7.1112862
1044,6,-73.1122743,7.0916807
1045,6,-73.1283892,7.1305435
1046,6,-73.1216085,7.1274871
1047,6,-73.1232565,7.1357048
1048,6,-73.1373469,7.1058679
1049,6,-73.119384615,7.133257317
1050,6,-73.1145917,7.0998866
1051,6,-73.130481800,7.117183550
1052,6,-73.1253532,7.147555
1053,6,-73.1153257,7.1203518
1054,6,-73.111113112,7.129175409
1055,6,-73.137133700,7.158331950
1056,6,-73.1333625,7.1542281
1057,6,-73.108424701,7.125131055
1058,6,-73.1165288,7.1311377
1059,6,-73.121601,7.0993848
1060,6,-73.1213582,7.1078674
1061,6,-73.117611,7.1131564
1062,6,-73.107330244,7.128385279
1063,6,-73.1269649,7.1214825
1064,6,-73.1285071,7.115961
1065,6,-73.1314594,7.1245926
1066,6,-73.121464,7.1310279
1067,6,-73.131304,7.1279816
1068,6,-73.131911821,7.122756783
1069,6,-73.115463550,7.081316100
1070,6,-73.106319,7.1080218
1071,6,-73.128672873,7.082092773
1072,6,-73.134228450,7.114735300
1073,6,-73.142752400,7.091016200
1074,6,-73.1223242,7.0787352
1075,6,-73.1117055,7.0931106
1076,6,-73.1122408,7.1196771
1077,6,-73.1368575,7.0949125
1078,6,-73.129011300,7.098149700
1079,6,-73.1334121,7.130009
1080,6,-73.139739286,7.102775148
1081,6,-73.126832350,7.101476650
1082,6,-73.125516300,7.098831850
1083,6,-73.1142601,7.1158809
1084,6,-73.1206874,7.1132706
1085,5,-73.134117747,7.095499410
1086,5,-73.109696168,7.100359991
1087,5,-73.136215720,7.121881787
1088,5,-73.1253589,7.0941153
1089,5,-73.108844,7.0894951
1090,5,-73.111214,7.0848243
1091,5,-73.127713000,7.153828000
1092,5,-73.1284646,7.1398252
1093,5,-73.127122800,7.093183800
1094,5,-73.1312892,7.1320522
1095,5,-73.1248704,7.1396438
1096,5,-73.1131549,7.1174625
1097,5,-73.118103,7.0885002
1098,5,-73.129105437,7.149359313
1099,5,-73.102773889,7.115623198
1100,5,-73.1236766,7.1532695
1101,5,-73.1300494,7.1157898
1102,5,-73.1222007,7.1467631
1103,5,-73.1267601,7.1401578
1104,5,-73.1311275,7.1229784
1105,5,-73.1396151,7.1647775
1106,5,-73.1324669,7.1407656
1107,5,-73.110148,7.1207614
1108,5,-73.1157025,7.1005342
1109,5,-73.1244953,7.1330932
1110,5,-73.1265492,7.125682
1111,5,-73.1178285,7.1200065
1112,5,-73.098895900,7.105049250
1113,5,-73.1095309,7.1245324
1114,5,-73.116926056,7.112428938
1115,5,-73.1281359,7.125308
1116,5,-73.1235074,7.1279953
1117,5,-73.106408041,7.114836143
1118,5,-73.118231,7.1316647
1119,5,-73.120324,7.1173259
1120,5,-73.114152,7.0810664
1121,5,-73.1236031,7.1205782
1122,5,-73.1320888,7.1236281
1123,5,-73.132616150,7.103857600
1124,5,-73.131106992,7.119366747
1125,5,-73.117716100,7.082290500
1126,5,-73.1240627,7.1452647
1127,5,-73.1057293,7.1289462
1128,5,-73.1217886,7.1283271
1129,5,-73.1019411,7.1177033
1130,5,-73.1321928,7.0941434
1131,5,-73.137303800,7.154800050
1132,5,-73.106939078,7.092780506
1133,5,-73.123895400,7.105703450
1134,5,-73.1246051,7.0945671
1135,5,-73.1185315,7.1333632
1136,5,-73.133241235,7.098890398
1137,5,-73.137148840,7.113663272
1138,5,-73.118289800,7.107152350
1139,5,-73.137518094,7.121269826
1140,5,-73.125696400,7.130209170
1141,5,-73.1051908,7.0942888
1142,5,-73.123917550,7.123624850
1143,5,-73.121936826,7.138015221
1144,5,-73.1183109,7.1007351
1145,5,-73.1233179,7.119749
1146,5,-73.1711531,7.102054200
1147,5,-73.1063917,7.1075086
1148,5,-73.1211489,7.085013
1149,5,-73.1052186,7.1097109
1150,5,-73.1194137,7.1375993
1151,5,-73.097875918,7.098090785
1152,5,-73.118358162,7.098526601
1153,5,-73.1173043,7.1391538
1154,5,-73.1263448,7.1335634
1155,5,-73.123010650,7.077598600
1156,5,-73.1282037,7.1179734
1157,5,-73.130398139,7.084718336
1158,5,-73.1282195,7.129700200
1159,5,-73.128803063,7.121886862
1160,5,-73.112256,7.0838568
1161,5,-73.1082044,7.1353861
1162,5,-73.1231225,7.0871242
1163,5,-73.1170882,7.1185083
1164,5,-73.1137105,7.1148338
1165,4,-73.112586316,7.106558941
1166,4,-73.1127717,7.1103453
1167,4,-73.1186476,7.1375738
1168,4,-73.116478587,7.132881548
1169,4,-73.1237343,7.1464166
1170,4,-73.1328583,7.088913
1171,4,-73.1411632,7.0935927
1172,4,-73.12284,7.0889077
1173,4,-73.1154633,7.0801556
1174,4,-73.1202413,7.1339174
1175,4,-73.116665769,7.133731482
1176,4,-73.1183132,7.1190279
1177,4,-73.140111291,7.121952424
1178,4,-73.1125093,7.1275104
1179,4,-73.119004400,7.124129700
1180,4,-73.1090278,7.1119276
1181,4,-73.1139305,7.1205756
1182,4,-73.123676150,7.147066850
1183,4,-73.136358200,7.125839150
1184,4,-73.1083619,7.111346
1185,4,-73.1299507,7.1221804
1186,4,-73.110233950,7.093105450
1187,4,-73.1191356,7.1146896
1188,4,-73.1309818,7.1263729
1189,4,-73.108999557,7.090143613
1190,4,-73.103239708,7.095391351
1191,4,-73.1348731,7.1225932
1192,4,-73.1133073,7.0909545
1193,4,-73.1207814,7.1320517
1194,4,-73.1184361,7.1150156
1195,4,-73.132563040,7.116491175
1196,4,-73.112374200,7.094746650
1197,4,-73.1324849,7.094494
1198,4,-73.1255852,7.1386503
1199,4,-73.107680062,7.092358663
1200,4,-73.1280423,7.128849
1201,4,-73.1191791,7.109283
1202,4,-73.1189844,7.1086138
1203,4,-73.110896150,7.108919200
1204,4,-73.1176098,7.0990804
1205,4,-73.131979079,7.081732064
1206,4,-73.125078221,7.103451435
1207,4,-73.1337844,7.0998268
1208,4,-73.1289843,7.1295594
1209,4,-73.1294456,7.1231854
1210,4,-73.1222856,7.1308615
1211,4,-73.1110587,7.135717
1212,4,-73.113447400,7.132401950
1213,4,-73.1301815,7.1265331
1214,4,-73.137908950,7.155859950
1215,4,-73.171305443,7.101307824
1216,4,-73.132949905,7.149130625
1217,4,-73.1316285,7.1254137
1218,4,-73.114981305,7.109037804
1219,4,-73.1049585,7.1071729
1220,4,-73.127390600,7.101927650
1221,4,-73.1233859,7.1439116
1222,4,-73.1012612,7.1312521
1223,4,-73.102120500,7.102344600
1224,4,-73.1160773,7.1160227
1225,4,-73.1070567,7.1299375
1226,4,-73.1221147,7.1300368
1227,4,-73.105900523,7.126610068
1228,4,-73.141389350,7.101724050
1229,4,-73.099636391,7.131076571
1230,4,-73.1307089,7.1384846
1231,4,-73.133568460,7.092606815
1232,4,-73.1066171,7.1058538
1233,4,-73.132077600,7.142470900
1234,4,-73.1242632,7.110829
1235,4,-73.1149635,7.101096
1236,4,-73.111253648,7.134275693
1237,4,-73.116146,7.0987149
1238,4,-73.108222724,7.127910162
1239,4,-73.110999,7.1206241
1240,4,-73.1288098,7.1287025
1241,4,-73.1311414,7.1271717
1242,4,-73.1285315,7.1313978
1243,4,-73.129516850,7.127597350
1244,4,-73.113172487,7.099634254
1245,4,-73.125204000,7.092887300
1246,4,-73.135444,7.1209957
1247,4,-73.1310288,7.1402187
1248,4,-73.126390071,7.129194984
1249,4,-73.1433127,7.0907633
1250,4,-73.1370699,7.1044579
1251,4,-73.1240722,7.135524
1252,4,-73.1412429,7.1643067
1253,4,-73.1257099,7.1352124
1254,4,-73.1191421,7.1045736
1255,4,-73.119181,7.1227127
1256,4,-73.134601350,7.139934450
1257,4,-73.1286537,7.1278812
1258,4,-73.1216462,7.0759691
1259,3,-73.138430240,7.148250247
1260,3,-73.115537700,7.099173450
1261,3,-73.132617,7.1539716
1262,3,-73.126147513,7.147430613
1263,3,-73.1184103,7.0970079
1264,3,-73.1189731,7.131527
1265,3,-73.1105957,7.097174
1266,3,-73.1118464,7.0874117
1267,3,-73.1255096,7.1030011
1268,3,-73.119327350,7.128816950
1269,3,-73.1270616,7.1085396
1270,3,-73.1402568,7.1059304
1271,3,-73.1179977,7.1053004
1272,3,-73.117148650,7.115950500
1273,3,-73.1424358,7.1606969
1274,3,-73.1181044,7.0889552
1275,3,-73.1184024,7.1001405
1276,3,-73.1139838,7.0912233
1277,3,-73.1161062,7.1059149
1278,3,-73.1438506,7.119038
1279,3,-73.1089951,7.0908765
1280,3,-73.1314484,7.132859
1281,3,-73.1230474,7.0852038
1282,3,-73.110582300,7.136609450
1283,3,-73.1188353,7.130675
1284,3,-73.1326064,7.1301627
1285,3,-73.1135024,7.0879636
1286,3,-73.1281603,7.120329
1287,3,-73.11572,7.1312953
1288,3,-73.108869800,7.135851750
1289,3,-73.1329876,7.1214393
1290,3,-73.113383950,7.133452000
1291,3,-73.1138972,7.1222647
1292,3,-73.110896116,7.084131593
1293,3,-73.119794634,7.113690778
1294,3,-73.109550019,7.105024496
1295,3,-73.1271523,7.0916319
1296,3,-73.1291399,7.122589
1297,3,-73.117928126,7.096377769
1298,3,-73.1132287,7.1212116
1299,3,-73.104810645,7.119134387
1300,3,-73.1129896,7.090207
1301,3,-73.1214504,7.0865704
1302,3,-73.117373836,7.090782950
1303,3,-73.1064505,7.1070577
1304,3,-73.1080127,7.1189294
1305,3,-73.113812311,7.112491736
1306,3,-73.1119551,7.1070755
1307,3,-73.1178221,7.1291199
1308,3,-73.1171333,7.1270515
1309,3,-73.126082050,7.092597200
1310,3,-73.1108977,7.1200625
1311,3,-73.1116378,7.0897259
1312,3,-73.1069054,7.1272993
1313,3,-73.129174045,7.151969673
1314,3,-73.1241278,7.1045104
1315,3,-73.1129153,7.1223955
1316,3,-73.1217037,7.0888391
1317,3,-73.1214139,7.1351613
1318,3,-73.1221404,7.111699
1319,3,-73.1105046,7.0926303
1320,3,-73.1126408,7.1020088
1321,3,-73.1067276,7.1098138
1322,3,-73.1316205,7.1295573
1323,3,-73.1187224,7.1121521
1324,3,-73.1123419,7.1040676
1325,3,-73.1174249,7.1012774
1326,3,-73.1339234,7.122018
1327,3,-73.1270899,7.0812769
1328,3,-73.1273448,7.1231511
1329,3,-73.1410619,7.1222237
1330,3,-73.120129,7.1286789
1331,3,-73.1180928,7.1308185
1332,3,-73.1166499,7.1193293
1333,3,-73.142567316,7.100205362
1334,3,-73.133793750,7.114891600
1335,3,-73.107519050,7.126274350
1336,3,-73.1240784,7.1102912
1337,3,-73.1006348,7.115858800
1338,3,-73.104759700,7.113859000
1339,3,-73.1071156,7.1057089
1340,3,-73.1284944,7.1549114
1341,3,-73.130291750,7.147475750
1342,3,-73.114075291,7.093029805
1343,3,-73.120870654,7.128428216
1344,3,-73.126532750,7.134543050
1345,3,-73.123901,7.1097838
1346,3,-73.1250332,7.1268029
1347,3,-73.1324518,7.1293756
1348,3,-73.1292818,7.1396693
1349,3,-73.127416950,7.134479650
1350,3,-73.1369643,7.09188
1351,3,-73.1327883,7.1229607
1352,3,-73.127349166,7.112253764
1353,3,-73.122802,7.1289971
1354,3,-73.1306692,7.1289103
1355,3,-73.112830950,7.128159250
1356,3,-73.1200029,7.1224233
1357,3,-73.1172431,7.0993599
1358,3,-73.1211963,7.1386065
1359,3,-73.1129996,7.087952
1360,3,-73.115029886,7.091711888
1361,3,-73.136526532,7.116905447
1362,3,-73.1254542,7.1042987
1363,3,-73.1310844,7.149106200
1364,3,-73.120993111,7.081646187
1365,3,-73.1355797,7.1217179
1366,3,-73.1064177,7.1209583
1367,3,-73.1303933,7.1550953
1368,3,-73.114483944,7.129940172
1369,3,-73.109275,7.1230995
1370,3,-73.132999,7.119572
1371,3,-73.1241871,7.1244556
1372,3,-73.1338774,7.1166167
1373,2,-73.1104959,7.1342544
1374,2,-73.1148568,7.0864496
1375,2,-73.1135561,7.0842052
1376,2,-73.1315269,7.139243
1377,2,-73.1366978,7.1425629
1378,2,-73.1320911,7.1319002
1379,2,-73.1319598,7.1415017
1380,2,-73.1231056,7.1114103
1381,2,-73.1269366,7.1409684
1382,2,-73.139552350,7.159329400
1383,2,-73.1242195,7.1406741
1384,2,-73.1104942,7.1357537
1385,2,-73.1211263,7.1337313
1386,2,-73.1349935,7.1233283
1387,2,-73.1344394,7.1204082
1388,2,-73.137608896,7.125911695
1389,2,-73.111670600,7.086997100
1390,2,-73.171212645,7.100247905
1391,2,-73.1298326,7.1485612
1392,2,-73.1102971,7.093984
1393,2,-73.129471283,7.096716824
1394,2,-73.1196598,7.1237504
1395,2,-73.096220214,7.102677184
1396,2,-73.1407938,7.110509
1397,2,-73.1185678,7.1340281
1398,2,-73.1317806,7.126211
1399,2,-73.142781026,7.109381442
1400,2,-73.130133001,7.150493507
1401,2,-73.123726,7.1448688
1402,2,-73.1033403,7.101426400
1403,2,-73.1193359,7.1097217
1404,2,-73.1134921,7.1242293
1405,2,-73.1353859,7.1426694
1406,2,-73.127886,7.1280193
1407,2,-73.1164289,7.0999805
1408,2,-73.141536627,7.158611013
1409,2,-73.1110323,7.1352096
1410,2,-73.125894,7.1403281
1411,2,-73.1321521,7.1124565
1412,2,-73.1135127,7.0869204
1413,2,-73.1156812,7.1020258
1414,2,-73.132612850,7.117290200
1415,2,-73.122786,7.1088643
1416,2,-73.1417926,7.1618604
1417,2,-73.1276984,7.1315632
1418,2,-73.1308264,7.1297073
1419,2,-73.1153912,7.086479400
1420,2,-73.141361169,7.149390373
1421,2,-73.1247393,7.1388123
1422,2,-73.1250639,7.1404952
1423,2,-73.1135257,7.0847588
1424,2,-73.122973550,7.107271650
1425,2,-73.1290024,7.0811368
1426,2,-73.1305565,7.1376888
1427,2,-73.127060200,7.094517750
1428,2,-73.1315639,7.1336223
1429,2,-73.1239003,7.1434024
1430,2,-73.1383614,7.1167731
1431,2,-73.1099649,7.1347908
1432,2,-73.1081126,7.1099883
1433,2,-73.1131343,7.1287768
1434,2,-73.140274509,7.160852339
1435,2,-73.1134598,7.1098366
1436,2,-73.115943750,7.097225400
1437,2,-73.1144284,7.1187052
1438,2,-73.114602,7.1013811
1439,2,-73.1346039,7.0924819
1440,2,-73.12727,7.1383134
1441,2,-73.1071944,7.0968067
1442,2,-73.134703420,7.081488219
1443,2,-73.128688525,7.150670441
1444,2,-73.1119987,7.1116466
1445,2,-73.1312908,7.1237877
1446,2,-73.125900180,7.093534553
1447,2,-73.130783250,7.104254450
1448,2,-73.1239762,7.1350147
1449,2,-73.1257124,7.1505037
1450,2,-73.105762324,7.097881386
1451,2,-73.134110200,7.129210850
1452,2,-73.1097064,7.0906547
1453,2,-73.1148822,7.0825617
1454,2,-73.1063917,7.130677
1455,2,-73.1348082,7.1256053
1456,2,-73.107903315,7.102906464
1457,2,-73.1253692,7.1092262
1458,2,-73.1148607,7.1314492
1459,2,-73.123027,7.0865178
1460,2,-73.122974150,7.096822850
1461,2,-73.1294627,7.1050736
1462,2,-73.1168168,7.1164119
1463,2,-73.142821152,7.114778750
1464,2,-73.105332000,7.106193600
1465,2,-73.124154190,7.152941589
1466,2,-73.123387350,7.141014150
1467,2,-73.142236350,7.150883650
1468,2,-73.126742560,7.107743964
1469,2,-73.107978,7.1323594
1470,2,-73.1314599,7.1287576
1471,2,-73.134803150,7.132077400
1472,2,-73.1331283,7.1377252
1473,2,-73.135534035,7.138492415
1474,2,-73.1056368,7.09
1475,2,-73.1359407,7.1423308
1476,2,-73.0956593,7.1008321
1477,2,-73.139907291,7.120685309
1478,2,-73.129906089,7.146706756
1479,2,-73.113565309,7.134155277
1480,2,-73.1085809,7.1342944
1481,2,-73.134249718,7.125156801
1482,2,-73.1271185,7.1023573
1483,2,-73.142378,7.0932531
1484,1,-73.105438,7.1070446
1485,1,-73.106673850,7.096392000
1486,1,-73.1274662,7.095975
1487,1,-73.1311902,7.1410104
1488,1,-73.1277766,7.1408183
1489,1,-73.1156504,7.1064681
1490,1,-73.126450472,7.108489114
1491,1,-73.1243819,7.0929947
1492,1,-73.1278585,7.1072769
1493,1,-73.132582,7.1260527
1494,1,-73.1397271,7.155272
1495,1,-73.1269434,7.0959756
1496,1,-73.1206624,7.1271412
1497,1,-73.133249,7.1228797
1498,1,-73.1317454,7.1219508
1499,1,-73.0970915,7.1046175
1500,1,-73.1176982,7.1283816
1501,1,-73.1136435,7.1226776
1502,1,-73.1200909,7.1061128
1503,1,-73.1230615,7.0856669
1504,1,-73.1240175,7.145823
1505,1,-73.1227634,7.1334069
1506,1,-73.1106411,7.1033771
1507,1,-73.1050654,7.130156
1508,1,-73.1169472,7.1014259
1509,1,-73.1347076,7.0853298
1510,1,-73.133873750,7.115980900
1511,1,-73.1135535,7.0836345
1512,1,-73.1295086,7.1571309
1513,1,-73.1148453,7.0874793
1514,1,-73.1318608,7.1039741
1515,1,-73.1153854,7.0869892
1516,1,-73.1323272,7.1467285
1517,1,-73.139222317,7.148837620
1518,1,-73.116586000,7.115366800
1519,1,-73.1167286,7.1319783
1520,1,-73.113617,7.1361988
1521,1,-73.1333398,7.1233743
1522,1,-73.1349101,7.1239033
1523,1,-73.119965912,7.093919863
1524,1,-73.1121835,7.102056
1525,1,-73.1326515,7.1222425
1526,1,-73.1259262,7.1125773
1527,1,-73.127286850,7.152688000
1528,1,-73.1248084,7.1099994
1529,1,-73.131475650,7.152971950
1530,1,-73.142151807,7.157993947
1531,1,-73.141186600,7.115840950
1532,1,-73.106246,7.1202743
1533,1,-73.0947736,7.1062032
1534,1,-73.1135682,7.0819999
1535,1,-73.1204747,7.1074617
1536,1,-73.1131799,7.0897424
1537,1,-73.132686036,7.142421462
1538,1,-73.141855141,7.115183241
1539,1,-73.1272517,7.1533372
1540,1,-73.100960000,7.099390200
1541,1,-73.112615,7.0842518
1542,1,-73.113060443,7.093151008
1543,1,-73.115521060,7.090518058
1544,1,-73.126159597,7.148981165
1545,1,-73.1327693,7.1309693
1546,1,-73.1336048,7.1388174
1547,1,-73.1209671,7.1361378
1548,1,-73.1026424,7.1139225
1549,1,-73.113508803,7.131414929
1550,1,-73.0997979,7.1319693
1551,1,-73.1310415,7.1367177
1552,1,-73.1045478,7.1063841
1553,1,-73.1073021,7.1019114
1554,1,-73.135058064,7.129875560
1555,1,-73.128319938,7.151857226
1556,1,-73.1021075,7.1048717
1557,1,-73.1133319,7.1067508
1558,1,-73.1149794,7.0995943
1559,1,-73.129937134,7.154223075
1560,1,-73.1236894,7.1093322
1561,1,-73.1416892,7.101066
1562,1,-73.1260548,7.1411352
1563,1,-73.106237700,7.131503000
1564,1,-73.117909,7.1011127
1565,1,-73.123322950,7.088252850
1566,1,-73.138675900,7.106773300
1567,1,-73.1153576,7.1023496
1568,1,-73.1332216,7.117040400
1569,1,-73.1334916,7.1197953
1570,1,-73.1131919,7.0935026
1571,1,-73.145632951,7.151372428
1572,1,-73.1143802,7.0902408
1573,1,-73.114817400,7.137390900
1574,1,-73.1287422,7.1474849
1575,1,-73.135419200,7.140290800
1576,1,-73.1335733,7.130813
1577,1,-73.108061200,7.119454300
1578,1,-73.110337050,7.101605600
1579,1,-73.104780512,7.132519576
1580,1,-73.1397987,7.1062866
1581,1,-73.118439,7.1116475
1582,1,-73.135562800,7.141723600
1583,1,-73.139350450,7.115207400
1584,1,-73.1024896,7.116628
1585,1,-73.122112245,7.107058248
1586,1,-73.1165898,7.0969681
1587,1,-73.1164114,7.1188654
1588,1,-73.118120546,7.087603750
1589,1,-73.1203967,7.1416408
1590,1,-73.096477128,7.101578619
1591,1,-73.142622098,7.108505821
1592,1,-73.1143168,7.1314516
1593,1,-73.1221421,7.1089686
1594,1,-73.132523215,7.143805943
1595,1,-73.1245508,7.1537423
1596,1,-73.097267145,7.098049752
1597,1,-73.109277600,7.136559600
1598,1,-73.120564101,7.072238541
1599,1,-73.1109909,7.134751
1600,1,-73.137008300,7.138738900
1601,1,-73.1302594,7.1566712
1602,1,-73.1185868,7.1289647
1603,1,-73.1180097,7.0973099
1604,1,-73.1399222,7.1588335
1605,1,-73.1034042,7.1007688
1606,1,-73.136855173,7.105204227
1607,1,-73.1366327,7.1430603
1608,1,-73.1193297,7.1133521
1609,1,-73.140429911,7.162686376
1610,1,-73.1358673,7.1335232
1611,1,-73.136279,7.1328358
1612,1,-73.1181464,7.1110964
1613,1,-73.0982061,7.1036914
1614,1,-73.1177237,7.0776671
1615,1,-73.0983335,7.1010604
1616,1,-73.1058691,7.1258122
1617,1,-73.135046250,7.156174100
1618,1,-73.1277672,7.1491961
1619,1,-73.1301325,7.1209308
1620,1,-73.1195678,7.1127317
1621,1,-73.1345578,7.1424259
1622,1,-73.135685950,7.125443300
1623,1,-73.110820350,7.108391500
1624,1,-73.1220014,7.1076875
1625,1,-73.1177564,7.1382358
